,accessionmethod,accessionyear,accesslevel,century,classification,classificationid,colorcount,colors,commentary,contact,contextualtextcount,copyright,creditline,culture,datebegin,dated,dateend,dateoffirstpageview,dateoflastpageview,department,description,details,dimensions,division,edition,exhibitioncount,groupcount,id,imagecount,imagepermissionlevel,images,labeltext,lastupdate,markscount,mediacount,medium,objectid,objectnumber,people,peoplecount,period,periodid,primaryimageurl,provenance,publicationcount,rank,relatedcount,seeAlso,signed,standardreferencenumber,state,style,technique,techniqueid,title,titlescount,totalpageviews,totaluniquepageviews,url,verificationlevel,verificationleveldescription,worktypes
0,Gift,1957,1,3rd millennium BCE,Seals,189,7,"[{'percent': 0.38343042071197, 'spectrum': '#3db657', 'color': '#4b4b4b', 'css3': '#2f4f4f', 'hue': 'Grey'}, {'percent': 0.30718446601942, 'spectrum': '#2eb45d', 'color': '#323232', 'css3': '#2f4f4f', 'hue': 'Grey'}, {'percent': 0.19831715210356, 'spectrum': '#7866ad', 'color': '#646464', 'css3': '#696969', 'hue': 'Grey'}, {'percent': 0.098899676375405, 'spectrum': '#1eb264', 'color': '#191919', 'css3': '#000000', 'hue': 'Grey'}, {'percent': 0.0099029126213592, 'spectrum': '#8362aa', 'color': '#7d7d7d', 'css3': '#808080', 'hue': 'Grey'}, {'percent': 0.0020711974110032, 'spectrum': '#8761aa', 'color': '#969696', 'css3': '#a9a9a9', 'hue': 'Grey'}, {'percent': 0.00019417475728155, 'spectrum': '#8c5fa8', 'color': '#afafaf', 'css3': '#a9a9a9', 'hue': 'Grey'}]",,am_asianmediterranean@harvard.edu,0,,"Harvard Art Museums/Arthur M. Sackler Museum, Gift of Edward W. Forbes",Mesopotamian,-2334,c. 2334-2193 BCE,-2193,2009-05-21,2020-01-14,Department of Ancient and Byzantine Art & Numismatics,"A nude, bearded figure with curled locks grapples with an upright bull; to the other side of the inscription, the encounter of a lion and bull/bull-man is largely lost.","{'coins': {'dateonobject': None, 'metal': None, 'reverseinscription': None, 'dieaxis': None, 'obverseinscription': None, 'denomination': None}}",H. 3.8 cm (1 1/2 in.),Asian and Mediterranean Art,,4,1,291419,3,0,"[{'height': 2450, 'iiifbaseuri': 'https://ids.lib.harvard.edu/ids/iiif/48373902', 'baseimageurl': 'https://nrs.harvard.edu/urn-3:HUAM:DDC254191', 'width': 1694, 'publiccaption': 'detail', 'idsid': 48373902, 'displayorder': 1, 'format': 'image/jpeg', 'copyright': 'President and Fellows of Harvard College', 'imageid': 434119, 'renditionnumber': 'DDC254191'}, {'height': 1955, 'iiifbaseuri': 'https://ids.lib.harvard.edu/ids/iiif/400220302', 'baseimageurl': 'https://nrs.harvard.edu/urn-3:HUAM:STR018000', 'width': 2550, 'publiccaption': 'impression of seal', 'idsid': 400220302, 'displayorder': 2, 'format': 'image/jpeg', 'copyright': 'President and Fellows of Harvard College', 'imageid': 444913, 'renditionnumber': 'STR018000'}, {'height': 1024, 'iiifbaseuri': 'https://ids.lib.harvard.edu/ids/iiif/20680719', 'baseimageurl': 'https://nrs.harvard.edu/urn-3:HUAM:VRS44680_dynmc', 'width': 838, 'publiccaption': None, 'idsid': 20680719, 'displayorder': 3, 'format': 'image/jpeg', 'copyright': 'President and Fellows of Harvard College', 'imageid': 129765, 'renditionnumber': '44680'}]",,2020-01-28T05:43:38-0500,1,0,Ferruginous Limestone,291419,1957.195,,0,Akkadian period,2833.0,https://nrs.harvard.edu/urn-3:HUAM:DDC254191,"Edward W. Forbes, Cambridge, MA, (by 1957), gift; to Fogg Art Museum, 1957.",0,1,0,"[{'id': 'https://iiif.harvardartmuseums.org/manifests/object/291419', 'type': 'IIIF Manifest', 'format': 'application/json', 'profile': 'http://iiif.io/api/presentation/2/context.json'}]",,,,,Intaglio,871.0,Cylinder Seal: Combat Scenes,2,593,520,https://www.harvardartmuseums.org/collections/object/291419,3,Good. Object is well described and information is vetted,"[{'worktypeid': '318', 'worktype': 'seal'}]"
1,Purchase,1960,1,19th century,Prints,23,8,"[{'percent': 0.21881355932203, 'spectrum': '#c15689', 'color': '#e1c8c8', 'css3': '#d8bfd8', 'hue': 'Orange'}, {'percent': 0.14468926553672, 'spectrum': '#7866ad', 'color': '#646464', 'css3': '#696969', 'hue': 'Grey'}, {'percent': 0.13790960451977, 'spectrum': '#8362aa', 'color': '#7d7d7d', 'css3': '#808080', 'hue': 'Grey'}, {'percent': 0.13135593220339, 'spectrum': '#3db657', 'color': '#4b4b4b', 'css3': '#2f4f4f', 'hue': 'Grey'}, {'percent': 0.12242937853107, 'spectrum': '#b55592', 'color': '#c8c8af', 'css3': '#c0c0c0', 'hue': 'Green'}, {'percent': 0.1180790960452, 'spectrum': '#8761aa', 'color': '#969696', 'css3': '#a9a9a9', 'hue': 'Grey'}, {'percent': 0.069774011299435, 'spectrum': '#8e5ea7', 'color': '#afaf96', 'css3': '#a9a9a9', 'hue': 'Green'}, {'percent': 0.056949152542373, 'spectrum': '#2eb45d', 'color': '#323232', 'css3': '#2f4f4f', 'hue': 'Grey'}]",,am_europeanamerican@harvard.edu,0,,"Harvard Art Museums/Fogg Museum, Program for Harvard College Fund",French,1862,1862,1862,2009-07-04,2020-01-14,Department of Prints,,,sheet: 48.6 x 62.3 cm (19 1/8 x 24 1/2 in.),European and American Art,,3,2,272158,2,0,"[{'height': 2009, 'iiifbaseuri': 'https://ids.lib.harvard.edu/ids/iiif/20029119', 'baseimageurl': 'https://nrs.harvard.edu/urn-3:HUAM:DDC103413_dynmc', 'width': 2550, 'publiccaption': None, 'idsid': 20029119, 'displayorder': 1, 'format': 'image/jpeg', 'copyright': 'President and Fellows of Harvard College', 'imageid': 257842, 'renditionnumber': 'DDC103413'}, {'height': 903, 'iiifbaseuri': 'https://ids.lib.harvard.edu/ids/iiif/43162170', 'baseimageurl': 'https://nrs.harvard.edu/urn-3:HUAM:LEG42782_dynmc', 'width': 1024, 'publiccaption': None, 'idsid': 43162170, 'displayorder': 2, 'format': 'image/jpeg', 'copyright': 'President and Fellows of Harvard College', 'imageid': 122839, 'renditionnumber': 'LEG42782'}]",,2020-01-28T05:43:03-0500,0,0,,272158,M13710,"[{'alphasort': 'Manet, Edouard', 'birthplace': 'Paris', 'name': 'Edouard Manet', 'prefix': None, 'personid': 27349, 'gender': 'male', 'role': 'Artist', 'displayorder': 1, 'culture': 'French', 'displaydate': '1832 - 1883', 'deathplace': 'Paris', 'displayname': 'Edouard Manet'}]",1,,,https://nrs.harvard.edu/urn-3:HUAM:DDC103413_dynmc,,6,2,0,"[{'id': 'https://iiif.harvardartmuseums.org/manifests/object/272158', 'type': 'IIIF Manifest', 'format': 'application/json', 'profile': 'http://iiif.io/api/presentation/2/context.json'}]",,"G. 68, M-N. 76, Ber 63, H. 23",only state,,Lithograph,136.0,The Balloon,2,640,562,https://www.harvardartmuseums.org/collections/object/272158,3,Good. Object is well described and information is vetted,"[{'worktypeid': '278', 'worktype': 'print'}]"
2,Purchase,1995,1,16th century,Paintings,26,8,"[{'percent': 0.31190476190476, 'spectrum': '#d75776', 'color': '#af4b4b', 'css3': '#a0522d', 'hue': 'Red'}, {'percent': 0.28160714285714, 'spectrum': '#c85783', 'color': '#af7d64', 'css3': '#cd5c5c', 'hue': 'Brown'}, {'percent': 0.11625, 'spectrum': '#3db657', 'color': '#4b4b4b', 'css3': '#2f4f4f', 'hue': 'Grey'}, {'percent': 0.09625, 'spectrum': '#e9715f', 'color': '#c8af7d', 'css3': '#d2b48c', 'hue': 'Brown'}, {'percent': 0.078095238095238, 'spectrum': '#59ba4a', 'color': '#64644b', 'css3': '#696969', 'hue': 'Green'}, {'percent': 0.057857142857143, 'spectrum': '#e9715f', 'color': '#e1c8af', 'css3': '#f5deb3', 'hue': 'Orange'}, {'percent': 0.033571428571429, 'spectrum': '#e9715f', 'color': '#e1e1c8', 'css3': '#dcdcdc', 'hue': 'Green'}, {'percent': 0.024464285714286, 'spectrum': '#2eb45d', 'color': '#323232', 'css3': '#2f4f4f', 'hue': 'Grey'}]",,am_asianmediterranean@harvard.edu,0,,"Harvard Art Museums/Arthur M. Sackler Museum, Gift in gratitude to John Coolidge, Gift of Leslie Cheek, Jr., Anonymous Fund in memory of Henry Berg, Louise Haskell Daly, Alpheus Hyatt, Richard Norton Memorial Funds and through the generosity of Albert H. Gordon and Emily Rauh Pulitzer; formerly in the collection of Stuart Cary Welch, Jr.",Indian,1535,c.1540,1545,2009-05-16,2020-01-14,Department of Islamic & Later Indian Art,,,17.9 x 24 cm (7 1/16 x 9 7/16 in.),Asian and Mediterranean Art,,4,1,1428,1,0,"[{'height': 767, 'iiifbaseuri': 'https://ids.lib.harvard.edu/ids/iiif/43534078', 'baseimageurl': 'https://nrs.harvard.edu/urn-3:HUAM:ISL10069_dynmc', 'width': 1024, 'publiccaption': None, 'idsid': 43534078, 'displayorder': 1, 'format': 'image/jpeg', 'copyright': 'President and Fellows of Harvard College', 'imageid': 120762, 'renditionnumber': 'ISL10069'}]",,2020-01-28T05:36:14-0500,0,0,Opaque watercolor on paper,1428,1995.66,"[{'alphasort': 'Unknown Artist', 'birthplace': None, 'name': 'Unknown Artist', 'prefix': None, 'personid': 23184, 'gender': 'unknown', 'role': 'Artist', 'displayorder': 1, 'culture': None, 'displaydate': None, 'deathplace': None, 'displayname': 'Unknown Artist'}]",1,,,https://nrs.harvard.edu/urn-3:HUAM:ISL10069_dynmc,,0,3,0,"[{'id': 'https://iiif.harvardartmuseums.org/manifests/object/1428', 'type': 'IIIF Manifest', 'format': 'application/json', 'profile': 'http://iiif.io/api/presentation/2/context.json'}]",,,,,,,"Battle Scene, folio fragment from an album of the Bhagavata Purana (Ancient Stories of the Lord)a Bhagavat Purana series",1,710,576,https://www.harvardartmuseums.org/collections/object/1428,0,Unchecked. Object information has not been verified for completeness and has not been vetted,"[{'worktypeid': '208', 'worktype': 'manuscript'}]"
3,Purchase,1991,1,6th century,Vessels,57,0,,,am_asianmediterranean@harvard.edu,0,,"Harvard Art Museums/Arthur M. Sackler Museum, Partial gift of Maria C. Henderson and partial purchase through the Ernest B. and Helen Pratt Dane Fund for the Acquisition of Oriental Art",Korean,500,first half 6th century,550,2009-08-05,2020-01-15,Department of Asian Art,,,H. 15.4 x W. 10.9 x Diam (of wheel). 11.2 cm (6 1/16 x 4 5/16 x 4 7/16 in.),Asian and Mediterranean Art,,1,2,201597,2,0,"[{'height': 2550, 'iiifbaseuri': 'https://ids.lib.harvard.edu/ids/iiif/43269056', 'baseimageurl': 'https://nrs.harvard.edu/urn-3:huam:DDC113947_dynmc', 'width': 1889, 'publiccaption': None, 'idsid': 43269056, 'displayorder': 1, 'format': 'image/jpeg', 'copyright': None, 'imageid': 411037, 'renditionnumber': 'DDC113947'}, {'height': 904, 'iiifbaseuri': 'https://ids.lib.harvard.edu/ids/iiif/20028085', 'baseimageurl': 'https://nrs.harvard.edu/urn-3:HUAM:CARP03515_dynmc', 'width': 1024, 'publiccaption': 'bottom view', 'idsid': 20028085, 'displayorder': 2, 'format': 'image/jpeg', 'copyright': 'President and Fellows of Harvard College', 'imageid': 138329, 'renditionnumber': 'CARP03515'}]",,2020-01-28T05:40:46-0500,0,0,"Kaya-type ware: gray stoneware with appliqué and openwork decoration and with traces of natural ash glaze.  Reportedly recovered from a tomb in Hyŏnp'ung-myŏn, Talsŏng-gun, near Kyŏngju, North Kyŏngsang province, in July 1962.",201597,1991.512,,0,"Three Kingdoms period, Silla or Kaya",7400.0,https://nrs.harvard.edu/urn-3:huam:DDC113947_dynmc,"Gregory (1922-1988) and Maria C. Henderson (1923-2007), Medford, MA (by 1969-1988), inherited; by Maria C. Henderson, Medford, MA (1988-1991), partial gift and partial purchase; to Harvard University Art Museums, 1991.",1,4,0,"[{'id': 'https://iiif.harvardartmuseums.org/manifests/object/201597', 'type': 'IIIF Manifest', 'format': 'application/json', 'profile': 'http://iiif.io/api/presentation/2/context.json'}]",,,,,,,"Chariot Vessel with Two Cups, Two Openwork Wheels, and Openwork, Flaring Base",1,635,555,https://www.harvardartmuseums.org/collections/object/201597,3,Good. Object is well described and information is vetted,"[{'worktypeid': '389', 'worktype': 'vessel'}]"
4,Purchase,1994,1,20th century,Photographs,17,0,,,am_moderncontemporary@harvard.edu,0,,"Harvard Art Museums/Fogg Museum, Purchase through the generosity of  Sylvan Barnet and William Burto in honor of John Rosenfield",Japanese,1993,1993,1993,2009-05-27,2020-01-15,Department of Photographs,,,image: 42.3 x 54 cm (16 5/8 x 21 1/4 in.),Modern and Contemporary Art,,3,1,95201,1,0,"[{'height': 799, 'iiifbaseuri': 'https://ids.lib.harvard.edu/ids/iiif/43155438', 'baseimageurl': 'https://nrs.harvard.edu/urn-3:HUAM:LEG1070_dynmc', 'width': 1024, 'publiccaption': None, 'idsid': 43155438, 'displayorder': 1, 'format': 'image/jpeg', 'copyright': 'President and Fellows of Harvard College', 'imageid': 94507, 'renditionnumber': 'LEG1070'}]",,2020-01-28T05:37:55-0500,1,0,,95201,P1994.7,"[{'alphasort': 'Sugimoto, Hiroshi', 'birthplace': 'Tokyo, Japan', 'name': 'Hiroshi Sugimoto', 'prefix': None, 'personid': 35155, 'gender': 'male', 'role': 'Artist', 'displayorder': 1, 'culture': 'Japanese', 'displaydate': 'born 1948', 'deathplace': None, 'displayname': 'Hiroshi Sugimoto'}]",1,,,https://nrs.harvard.edu/urn-3:HUAM:LEG1070_dynmc,"Sonnabend Gallery, New York, NY, from the artist, sold to Harvard University Art Museums, 1994. Sold through funds donated by (see credit)
Hiroshi Sugimoto, through the Sonnabend Gallery, New York.
",2,5,0,"[{'id': 'https://iiif.harvardartmuseums.org/manifests/object/95201', 'type': 'IIIF Manifest', 'format': 'application/json', 'profile': 'http://iiif.io/api/presentation/2/context.json'}]","Hiroshi Sugimoto, 1993",,,,Gelatin silver print,123.0,"Metropolitan Orpheum, Los Angeles",1,711,600,https://www.harvardartmuseums.org/collections/object/95201,3,Good. Object is well described and information is vetted,"[{'worktypeid': '259', 'worktype': 'photograph'}]"
5,Partial Gift/Partial Purchase,1991,1,4th century CE,Sculpture,30,9,"[{'percent': 0.34345238095238, 'spectrum': '#8362aa', 'color': '#7d7d7d', 'css3': '#808080', 'hue': 'Grey'}, {'percent': 0.25690476190476, 'spectrum': '#955ba5', 'color': '#e1e1e1', 'css3': '#dcdcdc', 'hue': 'Grey'}, {'percent': 0.15803571428571, 'spectrum': '#8c5fa8', 'color': '#c8c8c8', 'css3': '#c0c0c0', 'hue': 'Grey'}, {'percent': 0.13660714285714, 'spectrum': '#8761aa', 'color': '#969696', 'css3': '#a9a9a9', 'hue': 'Grey'}, {'percent': 0.065714285714286, 'spectrum': '#8c5fa8', 'color': '#afafaf', 'css3': '#a9a9a9', 'hue': 'Grey'}, {'percent': 0.020952380952381, 'spectrum': '#7866ad', 'color': '#646464', 'css3': '#696969', 'hue': 'Grey'}, {'percent': 0.0086309523809524, 'spectrum': '#3db657', 'color': '#4b4b4b', 'css3': '#2f4f4f', 'hue': 'Grey'}, {'percent': 0.0058333333333333, 'spectrum': '#2eb45d', 'color': '#323232', 'css3': '#2f4f4f', 'hue': 'Grey'}, {'percent': 0.0038690476190476, 'spectrum': '#1eb264', 'color': '#191919', 'css3': '#000000', 'hue': 'Grey'}]",,am_asianmediterranean@harvard.edu,0,,"Harvard Art Museums/Arthur M. Sackler Museum, Gift in part of Dr. and Mrs. Jerome Eisenberg and Purchase in part from the Alpheus Hyatt Purchasing Fund",Roman,300,4th century CE,400,2009-08-11,2020-01-15,Department of Ancient and Byzantine Art & Numismatics,,,55 cm h x 48 cm w x 23 cm d (21 5/8 x 18 7/8 x 9 1/16 in.),Asian and Mediterranean Art,,3,2,287968,2,0,"[{'height': 2550, 'iiifbaseuri': 'https://ids.lib.harvard.edu/ids/iiif/13881578', 'baseimageurl': 'https://nrs.harvard.edu/urn-3:HUAM:DDC108008_dynmc', 'width': 1920, 'publiccaption': None, 'idsid': 13881578, 'displayorder': 1, 'format': 'image/jpeg', 'copyright': 'President and Fellows of Harvard College', 'imageid': 349738, 'renditionnumber': 'DDC108008'}, {'height': 1024, 'iiifbaseuri': 'https://ids.lib.harvard.edu/ids/iiif/43181416', 'baseimageurl': 'https://nrs.harvard.edu/urn-3:HUAM:12802_dynmc', 'width': 871, 'publiccaption': None, 'idsid': 43181416, 'displayorder': 2, 'format': 'image/jpeg', 'copyright': 'President and Fellows of Harvard College', 'imageid': 2590, 'renditionnumber': '12802'}]","Ancient Greek drama had a long afterlife. The comic playwright Menander worked in the court of a Hellenistic ruler in the fourth to third centuries BCE, but his popularity endured into the late antique period and beyond; there are more ancient Menander portraits in existence than portraits of any other Greek writer or thinker. His own reputed skill at naturalistic portrayals may have made him such a desirable subject; Aristophanes of Byzantium famously wrote, “Oh Menander and Life! Which of you imitated the other?” This particular medallion portrait, produced long after the playwright’s death, would probably have been displayed in a Roman architectural context alongside similar portraits of Greek philosophers and playwrights. Menander, complete with dramatic scroll in the background, would have stood out for his urbane and vigorous features, and his clean-shaven chin would have contrasted with the beards of his more serious companions.",2020-01-28T05:43:30-0500,0,0,Marble,287968,1991.63,,0,Roman Imperial period,786.0,https://nrs.harvard.edu/urn-3:HUAM:DDC108008_dynmc,"Hon. James Smith Barry, Marbury Hall, Cheshire, England, (acquired 1776), by descent; to the Marbury Hall Collection, (until 1987), sold; [through Christie's, London, July 10, 1987]; [through Royal-Athena Galleries, New York, 1987-1991], sold and partial gift from Jerome Eisenberg; to the Harvard University Art Museums, 1991.",3,6,0,"[{'id': 'https://iiif.harvardartmuseums.org/manifests/object/287968', 'type': 'IIIF Manifest', 'format': 'application/json', 'profile': 'http://iiif.io/api/presentation/2/context.json'}]",,,,,Carved,639.0,Medallion Portrait of Menander,1,772,643,https://www.harvardartmuseums.org/collections/object/287968,3,Good. Object is well described and information is vetted,"[{'worktypeid': '317', 'worktype': 'sculpture'}]"
6,Gift,2008,1,17th century,Prints,23,7,"[{'percent': 0.59849673202614, 'spectrum': '#8c5fa8', 'color': '#c8c8c8', 'css3': '#c0c0c0', 'hue': 'Grey'}, {'percent': 0.34411764705882, 'spectrum': '#e9715f', 'color': '#e1e1c8', 'css3': '#dcdcdc', 'hue': 'Green'}, {'percent': 0.026470588235294, 'spectrum': '#8c5fa8', 'color': '#afafaf', 'css3': '#a9a9a9', 'hue': 'Grey'}, {'percent': 0.01562091503268, 'spectrum': '#8761aa', 'color': '#969696', 'css3': '#a9a9a9', 'hue': 'Grey'}, {'percent': 0.0077124183006536, 'spectrum': '#8362aa', 'color': '#7d7d7d', 'css3': '#808080', 'hue': 'Grey'}, {'percent': 0.005359477124183, 'spectrum': '#7866ad', 'color': '#646464', 'css3': '#696969', 'hue': 'Grey'}, {'percent': 0.0022222222222222, 'spectrum': '#3db657', 'color': '#4b4b4b', 'css3': '#2f4f4f', 'hue': 'Grey'}]","The Iconography is a collection of portrait prints made after drawings and paintings by van Dyck. Eighteen were etched by the artist himself, although the majority are engravings made by a variety of printmakers. This compilation of portraits of princes, politicians, soldiers, statesmen, scholars, art connoisseurs and most importantly artists, a survey of the most distinguished men and women of his time, went through many editions. The edition published by Martinus van den Enden during van Dyck's lifetime consisted of eighty portraits. Van Dyck prepared these prints by making oil sketches and drawings in black chalk, sometimes washed with brown ink. 

Many of these eighteen etched portraits by van Dyck are rare first state impressions, including this one of the artist's Self-Portrait. The majority of the other eighteen are depictions of artists as well, including Jan and Pieter Brueghel, Lucas Vorsterman and Paulus Pontius-important reproductive engravers of Rubens's work, and Cornelis Anthoniszoon.
",am_europeanamerican@harvard.edu,0,,"Harvard Art Museums/Fogg Museum, Gift of Walter C. Klein, Class of 1939",Flemish,1621,c. 1626-1633,1631,2009-11-04,2020-01-15,Department of Prints,,,"platemark: 24.5 x 15.7 cm (9 5/8 x 6 3/16 in.)
sheet: 26 x 17.5 cm (10 1/4 x 6 7/8 in.)
framed: 57.8 x 47 x 2.5 cm (22 3/4 x 18 1/2 x 1 in.)",European and American Art,,1,2,323716,1,0,"[{'height': 2550, 'iiifbaseuri': 'https://ids.lib.harvard.edu/ids/iiif/8720731', 'baseimageurl': 'https://nrs.harvard.edu/urn-3:HUAM:DDC105118_dynmc', 'width': 1740, 'publiccaption': None, 'idsid': 8720731, 'displayorder': 1, 'format': 'image/jpeg', 'copyright': 'President and Fellows of Harvard College', 'imageid': 297840, 'renditionnumber': 'DDC105118'}]",,2020-01-28T05:44:44-0500,3,0,Etching on off-white antique laid paper,323716,2008.25.1,"[{'alphasort': 'Dyck, Anthony van Sir', 'birthplace': 'Antwerp, Belgium', 'name': 'Anthony van Dyck', 'prefix': None, 'personid': 19008, 'gender': 'male', 'role': 'Artist', 'displayorder': 1, 'culture': 'Flemish', 'displaydate': '1599 - 1641', 'deathplace': 'London', 'displayname': 'Anthony van Dyck'}]",1,,,https://nrs.harvard.edu/urn-3:HUAM:DDC105118_dynmc,"Sir Peter Lely (Lugt 2092). Cledenin J. Ryan, Short Hills, New Jersey, sold [through his sale, Parke Bernet, New York, January 19-20, 1940, lot 112]. Mr. and Mrs. W. Clifford Klenk, Long Island, New York. [Sotheby Parke Bernet, New York, February 16, 1979, lot 610]. [R. M. Light & Co., Boston], sold; to Mr. and Mrs. Walter C. Klein, New York, gift; to Harvard Art Museums, 2008.",1,7,17,"[{'id': 'https://iiif.harvardartmuseums.org/manifests/object/323716', 'type': 'IIIF Manifest', 'format': 'application/json', 'profile': 'http://iiif.io/api/presentation/2/context.json'}]",,M.-H. 4; Antwerp/Amsterdam 5,i/vii,,Etching,116.0,Self-Portrait,2,977,794,https://www.harvardartmuseums.org/collections/object/323716,3,Good. Object is well described and information is vetted,"[{'worktypeid': '278', 'worktype': 'print'}]"
7,Gift,1984,1,19th century,Manuscripts,185,0,,,am_asianmediterranean@harvard.edu,0,,"Harvard Art Museums/Arthur M. Sackler Museum, Gift of Philip Hofer",Thai,1867,late 19th century,1899,2009-06-03,2020-01-15,Department of Asian Art,,,H. 18.4 x W. 65.1 cm (7 1/4 x 25 5/8 in.),Asian and Mediterranean Art,,0,1,201576,81,0,"[{'height': 1024, 'iiifbaseuri': 'https://ids.lib.harvard.edu/ids/iiif/15428557', 'baseimageurl': 'https://nrs.harvard.edu/urn-3:HUAM:DDC109540_dynmc', 'width': 612, 'publiccaption': 'Side B - folio 38 of 38', 'idsid': 15428557, 'displayorder': 1, 'format': 'image/jpeg', 'copyright': 'President and Fellows of Harvard College', 'imageid': 367959, 'renditionnumber': 'DDC109540'}, {'height': 1024, 'iiifbaseuri': 'https://ids.lib.harvard.edu/ids/iiif/15428555', 'baseimageurl': 'https://nrs.harvard.edu/urn-3:HUAM:DDC109538_dynmc', 'width': 332, 'publiccaption': 'Cover', 'idsid': 15428555, 'displayorder': 2, 'format': 'image/jpeg', 'copyright': 'President and Fellows of Harvard College', 'imageid': 367957, 'renditionnumber': 'DDC109538'}, {'height': 1024, 'iiifbaseuri': 'https://ids.lib.harvard.edu/ids/iiif/15434033', 'baseimageurl': 'https://nrs.harvard.edu/urn-3:HUAM:DDC109675_dynmc', 'width': 597, 'publiccaption': 'Side A - blank opening', 'idsid': 15434033, 'displayorder': 3, 'format': 'image/jpeg', 'copyright': 'President and Fellows of Harvard College', 'imageid': 368336, 'renditionnumber': 'DDC109675'}, {'height': 592, 'iiifbaseuri': 'https://ids.lib.harvard.edu/ids/iiif/15434032', 'baseimageurl': 'https://nrs.harvard.edu/urn-3:HUAM:DDC109674_dynmc', 'width': 1024, 'publiccaption': 'Side A - folio 1 of 38', 'idsid': 15434032, 'displayorder': 4, 'format': 'image/jpeg', 'copyright': 'President and Fellows of Harvard College', 'imageid': 368335, 'renditionnumber': 'DDC109674'}, {'height': 602, 'iiifbaseuri': 'https://ids.lib.harvard.edu/ids/iiif/15434031', 'baseimageurl': 'https://nrs.harvard.edu/urn-3:HUAM:DDC109673_dynmc', 'width': 1024, 'publiccaption': 'Side A - folio 2 of 38', 'idsid': 15434031, 'displayorder': 5, 'format': 'image/jpeg', 'copyright': 'President and Fellows of Harvard College', 'imageid': 368334, 'renditionnumber': 'DDC109673'}, {'height': 595, 'iiifbaseuri': 'https://ids.lib.harvard.edu/ids/iiif/15434030', 'baseimageurl': 'https://nrs.harvard.edu/urn-3:HUAM:DDC109672_dynmc', 'width': 1024, 'publiccaption': 'Side A - folio 3 of 38', 'idsid': 15434030, 'displayorder': 6, 'format': 'image/jpeg', 'copyright': 'President and Fellows of Harvard College', 'imageid': 368333, 'renditionnumber': 'DDC109672'}, {'height': 594, 'iiifbaseuri': 'https://ids.lib.harvard.edu/ids/iiif/15434029', 'baseimageurl': 'https://nrs.harvard.edu/urn-3:HUAM:DDC109671_dynmc', 'width': 1024, 'publiccaption': 'Side A - folio 4 of 38', 'idsid': 15434029, 'displayorder': 7, 'format': 'image/jpeg', 'copyright': 'President and Fellows of Harvard College', 'imageid': 368332, 'renditionnumber': 'DDC109671'}, {'height': 595, 'iiifbaseuri': 'https://ids.lib.harvard.edu/ids/iiif/15434028', 'baseimageurl': 'https://nrs.harvard.edu/urn-3:HUAM:DDC109670_dynmc', 'width': 1024, 'publiccaption': 'Side A - folio 5 of 38', 'idsid': 15434028, 'displayorder': 8, 'format': 'image/jpeg', 'copyright': 'President and Fellows of Harvard College', 'imageid': 368331, 'renditionnumber': 'DDC109670'}, {'height': 593, 'iiifbaseuri': 'https://ids.lib.harvard.edu/ids/iiif/15434027', 'baseimageurl': 'https://nrs.harvard.edu/urn-3:HUAM:DDC109669_dynmc', 'width': 1024, 'publiccaption': 'Side A - folio 6 of 38', 'idsid': 15434027, 'displayorder': 9, 'format': 'image/jpeg', 'copyright': 'President and Fellows of Harvard College', 'imageid': 368330, 'renditionnumber': 'DDC109669'}, {'height': 592, 'iiifbaseuri': 'https://ids.lib.harvard.edu/ids/iiif/15434026', 'baseimageurl': 'https://nrs.harvard.edu/urn-3:HUAM:DDC109668_dynmc', 'width': 1024, 'publiccaption': 'Side A - folio 7 of 38', 'idsid': 15434026, 'displayorder': 10, 'format': 'image/jpeg', 'copyright': 'President and Fellows of Harvard College', 'imageid': 368329, 'renditionnumber': 'DDC109668'}, {'height': 607, 'iiifbaseuri': 'https://ids.lib.harvard.edu/ids/iiif/15434025', 'baseimageurl': 'https://nrs.harvard.edu/urn-3:HUAM:DDC109667_dynmc', 'width': 1024, 'publiccaption': 'Side A - folio 8 of 38', 'idsid': 15434025, 'displayorder': 11, 'format': 'image/jpeg', 'copyright': 'President and Fellows of Harvard College', 'imageid': 368328, 'renditionnumber': 'DDC109667'}, {'height': 600, 'iiifbaseuri': 'https://ids.lib.harvard.edu/ids/iiif/15434024', 'baseimageurl': 'https://nrs.harvard.edu/urn-3:HUAM:DDC109666_dynmc', 'width': 1024, 'publiccaption': 'Side A - folio 9 of 38', 'idsid': 15434024, 'displayorder': 12, 'format': 'image/jpeg', 'copyright': 'President and Fellows of Harvard College', 'imageid': 368327, 'renditionnumber': 'DDC109666'}, {'height': 607, 'iiifbaseuri': 'https://ids.lib.harvard.edu/ids/iiif/15434023', 'baseimageurl': 'https://nrs.harvard.edu/urn-3:HUAM:DDC109665_dynmc', 'width': 1024, 'publiccaption': 'Side A - folio 10 of 38', 'idsid': 15434023, 'displayorder': 13, 'format': 'image/jpeg', 'copyright': 'President and Fellows of Harvard College', 'imageid': 368326, 'renditionnumber': 'DDC109665'}, {'height': 603, 'iiifbaseuri': 'https://ids.lib.harvard.edu/ids/iiif/15434022', 'baseimageurl': 'https://nrs.harvard.edu/urn-3:HUAM:DDC109664_dynmc', 'width': 1024, 'publiccaption': 'Side A - folio 11 of 38', 'idsid': 15434022, 'displayorder': 14, 'format': 'image/jpeg', 'copyright': 'President and Fellows of Harvard College', 'imageid': 368325, 'renditionnumber': 'DDC109664'}, {'height': 611, 'iiifbaseuri': 'https://ids.lib.harvard.edu/ids/iiif/15434021', 'baseimageurl': 'https://nrs.harvard.edu/urn-3:HUAM:DDC109663_dynmc', 'width': 1024, 'publiccaption': 'Side A - folio 12 of 38', 'idsid': 15434021, 'displayorder': 15, 'format': 'image/jpeg', 'copyright': 'President and Fellows of Harvard College', 'imageid': 368324, 'renditionnumber': 'DDC109663'}, {'height': 608, 'iiifbaseuri': 'https://ids.lib.harvard.edu/ids/iiif/15434020', 'baseimageurl': 'https://nrs.harvard.edu/urn-3:HUAM:DDC109662_dynmc', 'width': 1024, 'publiccaption': 'Side A - folio 13 of 38', 'idsid': 15434020, 'displayorder': 16, 'format': 'image/jpeg', 'copyright': 'President and Fellows of Harvard College', 'imageid': 368323, 'renditionnumber': 'DDC109662'}, {'height': 608, 'iiifbaseuri': 'https://ids.lib.harvard.edu/ids/iiif/15434019', 'baseimageurl': 'https://nrs.harvard.edu/urn-3:HUAM:DDC109661_dynmc', 'width': 1024, 'publiccaption': 'Side A - folio 14 of 38', 'idsid': 15434019, 'displayorder': 17, 'format': 'image/jpeg', 'copyright': 'President and Fellows of Harvard College', 'imageid': 368322, 'renditionnumber': 'DDC109661'}, {'height': 603, 'iiifbaseuri': 'https://ids.lib.harvard.edu/ids/iiif/15434018', 'baseimageurl': 'https://nrs.harvard.edu/urn-3:HUAM:DDC109660_dynmc', 'width': 1024, 'publiccaption': 'Side A - folio 15 of 38', 'idsid': 15434018, 'displayorder': 18, 'format': 'image/jpeg', 'copyright': 'President and Fellows of Harvard College', 'imageid': 368321, 'renditionnumber': 'DDC109660'}, {'height': 597, 'iiifbaseuri': 'https://ids.lib.harvard.edu/ids/iiif/15434017', 'baseimageurl': 'https://nrs.harvard.edu/urn-3:HUAM:DDC109659_dynmc', 'width': 1024, 'publiccaption': 'Side A - folio 16 of 38', 'idsid': 15434017, 'displayorder': 19, 'format': 'image/jpeg', 'copyright': 'President and Fellows of Harvard College', 'imageid': 368320, 'renditionnumber': 'DDC109659'}, {'height': 597, 'iiifbaseuri': 'https://ids.lib.harvard.edu/ids/iiif/15434016', 'baseimageurl': 'https://nrs.harvard.edu/urn-3:HUAM:DDC109658_dynmc', 'width': 1024, 'publiccaption': 'Side A - folio 17 of 38', 'idsid': 15434016, 'displayorder': 20, 'format': 'image/jpeg', 'copyright': 'President and Fellows of Harvard College', 'imageid': 368319, 'renditionnumber': 'DDC109658'}, {'height': 599, 'iiifbaseuri': 'https://ids.lib.harvard.edu/ids/iiif/15434015', 'baseimageurl': 'https://nrs.harvard.edu/urn-3:HUAM:DDC109657_dynmc', 'width': 1024, 'publiccaption': 'Side A - folio 18 of 38', 'idsid': 15434015, 'displayorder': 21, 'format': 'image/jpeg', 'copyright': 'President and Fellows of Harvard College', 'imageid': 368318, 'renditionnumber': 'DDC109657'}, {'height': 590, 'iiifbaseuri': 'https://ids.lib.harvard.edu/ids/iiif/15434014', 'baseimageurl': 'https://nrs.harvard.edu/urn-3:HUAM:DDC109656_dynmc', 'width': 1024, 'publiccaption': 'Side A - folio 19 of 38', 'idsid': 15434014, 'displayorder': 22, 'format': 'image/jpeg', 'copyright': 'President and Fellows of Harvard College', 'imageid': 368317, 'renditionnumber': 'DDC109656'}, {'height': 593, 'iiifbaseuri': 'https://ids.lib.harvard.edu/ids/iiif/15434013', 'baseimageurl': 'https://nrs.harvard.edu/urn-3:HUAM:DDC109655_dynmc', 'width': 1024, 'publiccaption': 'Side A - folio 20 of 38', 'idsid': 15434013, 'displayorder': 23, 'format': 'image/jpeg', 'copyright': 'President and Fellows of Harvard College', 'imageid': 368316, 'renditionnumber': 'DDC109655'}, {'height': 591, 'iiifbaseuri': 'https://ids.lib.harvard.edu/ids/iiif/15434012', 'baseimageurl': 'https://nrs.harvard.edu/urn-3:HUAM:DDC109654_dynmc', 'width': 1024, 'publiccaption': 'Side A - folio 21 of 38', 'idsid': 15434012, 'displayorder': 24, 'format': 'image/jpeg', 'copyright': 'President and Fellows of Harvard College', 'imageid': 368315, 'renditionnumber': 'DDC109654'}, {'height': 594, 'iiifbaseuri': 'https://ids.lib.harvard.edu/ids/iiif/15434011', 'baseimageurl': 'https://nrs.harvard.edu/urn-3:HUAM:DDC109653_dynmc', 'width': 1024, 'publiccaption': 'Side A - folio 22 of 38', 'idsid': 15434011, 'displayorder': 25, 'format': 'image/jpeg', 'copyright': 'President and Fellows of Harvard College', 'imageid': 368314, 'renditionnumber': 'DDC109653'}, {'height': 591, 'iiifbaseuri': 'https://ids.lib.harvard.edu/ids/iiif/15434010', 'baseimageurl': 'https://nrs.harvard.edu/urn-3:HUAM:DDC109652_dynmc', 'width': 1024, 'publiccaption': 'Side A - folio 23 of 38', 'idsid': 15434010, 'displayorder': 26, 'format': 'image/jpeg', 'copyright': 'President and Fellows of Harvard College', 'imageid': 368313, 'renditionnumber': 'DDC109652'}, {'height': 594, 'iiifbaseuri': 'https://ids.lib.harvard.edu/ids/iiif/15434009', 'baseimageurl': 'https://nrs.harvard.edu/urn-3:HUAM:DDC109651_dynmc', 'width': 1024, 'publiccaption': 'Side A - folio 24 of 38', 'idsid': 15434009, 'displayorder': 27, 'format': 'image/jpeg', 'copyright': 'President and Fellows of Harvard College', 'imageid': 368312, 'renditionnumber': 'DDC109651'}, {'height': 597, 'iiifbaseuri': 'https://ids.lib.harvard.edu/ids/iiif/15434008', 'baseimageurl': 'https://nrs.harvard.edu/urn-3:HUAM:DDC109650_dynmc', 'width': 1024, 'publiccaption': 'Side A - folio 25 of 38', 'idsid': 15434008, 'displayorder': 28, 'format': 'image/jpeg', 'copyright': 'President and Fellows of Harvard College', 'imageid': 368311, 'renditionnumber': 'DDC109650'}, {'height': 591, 'iiifbaseuri': 'https://ids.lib.harvard.edu/ids/iiif/15434007', 'baseimageurl': 'https://nrs.harvard.edu/urn-3:HUAM:DDC109649_dynmc', 'width': 1024, 'publiccaption': 'Side A - folio 26 of 38', 'idsid': 15434007, 'displayorder': 29, 'format': 'image/jpeg', 'copyright': 'President and Fellows of Harvard College', 'imageid': 368310, 'renditionnumber': 'DDC109649'}, {'height': 588, 'iiifbaseuri': 'https://ids.lib.harvard.edu/ids/iiif/15434006', 'baseimageurl': 'https://nrs.harvard.edu/urn-3:HUAM:DDC109648_dynmc', 'width': 1024, 'publiccaption': 'Side A - folio 27 of 38', 'idsid': 15434006, 'displayorder': 30, 'format': 'image/jpeg', 'copyright': 'President and Fellows of Harvard College', 'imageid': 368309, 'renditionnumber': 'DDC109648'}, {'height': 598, 'iiifbaseuri': 'https://ids.lib.harvard.edu/ids/iiif/15434005', 'baseimageurl': 'https://nrs.harvard.edu/urn-3:HUAM:DDC109647_dynmc', 'width': 1024, 'publiccaption': 'Side A - folio 28 of 38', 'idsid': 15434005, 'displayorder': 31, 'format': 'image/jpeg', 'copyright': 'President and Fellows of Harvard College', 'imageid': 368308, 'renditionnumber': 'DDC109647'}, {'height': 1024, 'iiifbaseuri': 'https://ids.lib.harvard.edu/ids/iiif/15434004', 'baseimageurl': 'https://nrs.harvard.edu/urn-3:HUAM:DDC109646_dynmc', 'width': 592, 'publiccaption': 'Side A - folio 29 of 38', 'idsid': 15434004, 'displayorder': 32, 'format': 'image/jpeg', 'copyright': 'President and Fellows of Harvard College', 'imageid': 368307, 'renditionnumber': 'DDC109646'}, {'height': 1024, 'iiifbaseuri': 'https://ids.lib.harvard.edu/ids/iiif/15434003', 'baseimageurl': 'https://nrs.harvard.edu/urn-3:HUAM:DDC109645_dynmc', 'width': 587, 'publiccaption': 'Side A - folio 30 of 38', 'idsid': 15434003, 'displayorder': 33, 'format': 'image/jpeg', 'copyright': 'President and Fellows of Harvard College', 'imageid': 368306, 'renditionnumber': 'DDC109645'}, {'height': 1024, 'iiifbaseuri': 'https://ids.lib.harvard.edu/ids/iiif/15434002', 'baseimageurl': 'https://nrs.harvard.edu/urn-3:HUAM:DDC109644_dynmc', 'width': 589, 'publiccaption': 'Side A - folio 31 of 38', 'idsid': 15434002, 'displayorder': 34, 'format': 'image/jpeg', 'copyright': 'President and Fellows of Harvard College', 'imageid': 368305, 'renditionnumber': 'DDC109644'}, {'height': 1024, 'iiifbaseuri': 'https://ids.lib.harvard.edu/ids/iiif/15434001', 'baseimageurl': 'https://nrs.harvard.edu/urn-3:HUAM:DDC109643_dynmc', 'width': 587, 'publiccaption': 'Side A - folio 32 of 38', 'idsid': 15434001, 'displayorder': 35, 'format': 'image/jpeg', 'copyright': 'President and Fellows of Harvard College', 'imageid': 368304, 'renditionnumber': 'DDC109643'}, {'height': 1024, 'iiifbaseuri': 'https://ids.lib.harvard.edu/ids/iiif/15434000', 'baseimageurl': 'https://nrs.harvard.edu/urn-3:HUAM:DDC109642_dynmc', 'width': 593, 'publiccaption': 'Side A - folio 33 of 38', 'idsid': 15434000, 'displayorder': 36, 'format': 'image/jpeg', 'copyright': 'President and Fellows of Harvard College', 'imageid': 368303, 'renditionnumber': 'DDC109642'}, {'height': 1024, 'iiifbaseuri': 'https://ids.lib.harvard.edu/ids/iiif/15433999', 'baseimageurl': 'https://nrs.harvard.edu/urn-3:HUAM:DDC109641_dynmc', 'width': 590, 'publiccaption': 'Side A - folio 34 of 38', 'idsid': 15433999, 'displayorder': 37, 'format': 'image/jpeg', 'copyright': 'President and Fellows of Harvard College', 'imageid': 368302, 'renditionnumber': 'DDC109641'}, {'height': 1024, 'iiifbaseuri': 'https://ids.lib.harvard.edu/ids/iiif/15433998', 'baseimageurl': 'https://nrs.harvard.edu/urn-3:HUAM:DDC109640_dynmc', 'width': 595, 'publiccaption': 'Side A - folio 35 of 38', 'idsid': 15433998, 'displayorder': 38, 'format': 'image/jpeg', 'copyright': 'President and Fellows of Harvard College', 'imageid': 368301, 'renditionnumber': 'DDC109640'}, {'height': 1024, 'iiifbaseuri': 'https://ids.lib.harvard.edu/ids/iiif/15433997', 'baseimageurl': 'https://nrs.harvard.edu/urn-3:HUAM:DDC109639_dynmc', 'width': 595, 'publiccaption': 'Side A - folio 36 of 38', 'idsid': 15433997, 'displayorder': 39, 'format': 'image/jpeg', 'copyright': 'President and Fellows of Harvard College', 'imageid': 368300, 'renditionnumber': 'DDC109639'}, {'height': 1024, 'iiifbaseuri': 'https://ids.lib.harvard.edu/ids/iiif/15433996', 'baseimageurl': 'https://nrs.harvard.edu/urn-3:HUAM:DDC109638_dynmc', 'width': 599, 'publiccaption': 'Side A - folio 37 of 38', 'idsid': 15433996, 'displayorder': 40, 'format': 'image/jpeg', 'copyright': 'President and Fellows of Harvard College', 'imageid': 368299, 'renditionnumber': 'DDC109638'}, {'height': 1024, 'iiifbaseuri': 'https://ids.lib.harvard.edu/ids/iiif/15433995', 'baseimageurl': 'https://nrs.harvard.edu/urn-3:HUAM:DDC109578_dynmc', 'width': 328, 'publiccaption': 'Side A - folio 38 of 38 (half missing)', 'idsid': 15433995, 'displayorder': 41, 'format': 'image/jpeg', 'copyright': 'President and Fellows of Harvard College', 'imageid': 367997, 'renditionnumber': 'DDC109578'}, {'height': 1024, 'iiifbaseuri': 'https://ids.lib.harvard.edu/ids/iiif/15428594', 'baseimageurl': 'https://nrs.harvard.edu/urn-3:HUAM:DDC109577_dynmc', 'width': 615, 'publiccaption': 'Side B - folio 1 of 38', 'idsid': 15428594, 'displayorder': 42, 'format': 'image/jpeg', 'copyright': 'President and Fellows of Harvard College', 'imageid': 367996, 'renditionnumber': 'DDC109577'}, {'height': 1024, 'iiifbaseuri': 'https://ids.lib.harvard.edu/ids/iiif/15428593', 'baseimageurl': 'https://nrs.harvard.edu/urn-3:HUAM:DDC109576_dynmc', 'width': 610, 'publiccaption': 'Side B - folio 2 of 38', 'idsid': 15428593, 'displayorder': 43, 'format': 'image/jpeg', 'copyright': 'President and Fellows of Harvard College', 'imageid': 367995, 'renditionnumber': 'DDC109576'}, {'height': 1024, 'iiifbaseuri': 'https://ids.lib.harvard.edu/ids/iiif/15428592', 'baseimageurl': 'https://nrs.harvard.edu/urn-3:HUAM:DDC109575_dynmc', 'width': 619, 'publiccaption': 'Side B - folio 3 of 38', 'idsid': 15428592, 'displayorder': 44, 'format': 'image/jpeg', 'copyright': 'President and Fellows of Harvard College', 'imageid': 367994, 'renditionnumber': 'DDC109575'}, {'height': 1024, 'iiifbaseuri': 'https://ids.lib.harvard.edu/ids/iiif/15428591', 'baseimageurl': 'https://nrs.harvard.edu/urn-3:HUAM:DDC109574_dynmc', 'width': 618, 'publiccaption': 'Side B - folio 4 of 38', 'idsid': 15428591, 'displayorder': 45, 'format': 'image/jpeg', 'copyright': 'President and Fellows of Harvard College', 'imageid': 367993, 'renditionnumber': 'DDC109574'}, {'height': 1024, 'iiifbaseuri': 'https://ids.lib.harvard.edu/ids/iiif/15428590', 'baseimageurl': 'https://nrs.harvard.edu/urn-3:HUAM:DDC109573_dynmc', 'width': 614, 'publiccaption': 'Side B - folio 5 of 38', 'idsid': 15428590, 'displayorder': 46, 'format': 'image/jpeg', 'copyright': 'President and Fellows of Harvard College', 'imageid': 367992, 'renditionnumber': 'DDC109573'}, {'height': 1024, 'iiifbaseuri': 'https://ids.lib.harvard.edu/ids/iiif/15428589', 'baseimageurl': 'https://nrs.harvard.edu/urn-3:HUAM:DDC109572_dynmc', 'width': 610, 'publiccaption': 'Side B - folio 6 of 38', 'idsid': 15428589, 'displayorder': 47, 'format': 'image/jpeg', 'copyright': 'President and Fellows of Harvard College', 'imageid': 367991, 'renditionnumber': 'DDC109572'}, {'height': 1024, 'iiifbaseuri': 'https://ids.lib.harvard.edu/ids/iiif/15428588', 'baseimageurl': 'https://nrs.harvard.edu/urn-3:HUAM:DDC109571_dynmc', 'width': 625, 'publiccaption': 'Side B - folio 7 of 38', 'idsid': 15428588, 'displayorder': 48, 'format': 'image/jpeg', 'copyright': 'President and Fellows of Harvard College', 'imageid': 367990, 'renditionnumber': 'DDC109571'}, {'height': 1024, 'iiifbaseuri': 'https://ids.lib.harvard.edu/ids/iiif/15428587', 'baseimageurl': 'https://nrs.harvard.edu/urn-3:HUAM:DDC109570_dynmc', 'width': 602, 'publiccaption': 'Side B - folio 8 of 38', 'idsid': 15428587, 'displayorder': 49, 'format': 'image/jpeg', 'copyright': 'President and Fellows of Harvard College', 'imageid': 367989, 'renditionnumber': 'DDC109570'}, {'height': 601, 'iiifbaseuri': 'https://ids.lib.harvard.edu/ids/iiif/15428586', 'baseimageurl': 'https://nrs.harvard.edu/urn-3:HUAM:DDC109569_dynmc', 'width': 1024, 'publiccaption': 'Side B - folio 9 of 38', 'idsid': 15428586, 'displayorder': 50, 'format': 'image/jpeg', 'copyright': 'President and Fellows of Harvard College', 'imageid': 367988, 'renditionnumber': 'DDC109569'}, {'height': 609, 'iiifbaseuri': 'https://ids.lib.harvard.edu/ids/iiif/15428585', 'baseimageurl': 'https://nrs.harvard.edu/urn-3:HUAM:DDC109568_dynmc', 'width': 1024, 'publiccaption': 'Side B - folio 10 of 38', 'idsid': 15428585, 'displayorder': 51, 'format': 'image/jpeg', 'copyright': 'President and Fellows of Harvard College', 'imageid': 367987, 'renditionnumber': 'DDC109568'}, {'height': 604, 'iiifbaseuri': 'https://ids.lib.harvard.edu/ids/iiif/15428584', 'baseimageurl': 'https://nrs.harvard.edu/urn-3:HUAM:DDC109567_dynmc', 'width': 1024, 'publiccaption': 'Side B - folio 11 of 38', 'idsid': 15428584, 'displayorder': 52, 'format': 'image/jpeg', 'copyright': 'President and Fellows of Harvard College', 'imageid': 367986, 'renditionnumber': 'DDC109567'}, {'height': 602, 'iiifbaseuri': 'https://ids.lib.harvard.edu/ids/iiif/15428583', 'baseimageurl': 'https://nrs.harvard.edu/urn-3:HUAM:DDC109566_dynmc', 'width': 1024, 'publiccaption': 'Side B - folio 12 of 38', 'idsid': 15428583, 'displayorder': 53, 'format': 'image/jpeg', 'copyright': 'President and Fellows of Harvard College', 'imageid': 367985, 'renditionnumber': 'DDC109566'}, {'height': 600, 'iiifbaseuri': 'https://ids.lib.harvard.edu/ids/iiif/15428582', 'baseimageurl': 'https://nrs.harvard.edu/urn-3:HUAM:DDC109565_dynmc', 'width': 1024, 'publiccaption': 'Side B - folio 13 of 38', 'idsid': 15428582, 'displayorder': 54, 'format': 'image/jpeg', 'copyright': 'President and Fellows of Harvard College', 'imageid': 367984, 'renditionnumber': 'DDC109565'}, {'height': 605, 'iiifbaseuri': 'https://ids.lib.harvard.edu/ids/iiif/15428581', 'baseimageurl': 'https://nrs.harvard.edu/urn-3:HUAM:DDC109564_dynmc', 'width': 1024, 'publiccaption': 'Side B - folio 14 of 38', 'idsid': 15428581, 'displayorder': 55, 'format': 'image/jpeg', 'copyright': 'President and Fellows of Harvard College', 'imageid': 367983, 'renditionnumber': 'DDC109564'}, {'height': 601, 'iiifbaseuri': 'https://ids.lib.harvard.edu/ids/iiif/15428580', 'baseimageurl': 'https://nrs.harvard.edu/urn-3:HUAM:DDC109563_dynmc', 'width': 1024, 'publiccaption': 'Side B - folio 15 of 38', 'idsid': 15428580, 'displayorder': 56, 'format': 'image/jpeg', 'copyright': 'President and Fellows of Harvard College', 'imageid': 367982, 'renditionnumber': 'DDC109563'}, {'height': 595, 'iiifbaseuri': 'https://ids.lib.harvard.edu/ids/iiif/15428579', 'baseimageurl': 'https://nrs.harvard.edu/urn-3:HUAM:DDC109562_dynmc', 'width': 1024, 'publiccaption': 'Side B - folio 16 of 38', 'idsid': 15428579, 'displayorder': 57, 'format': 'image/jpeg', 'copyright': 'President and Fellows of Harvard College', 'imageid': 367981, 'renditionnumber': 'DDC109562'}, {'height': 597, 'iiifbaseuri': 'https://ids.lib.harvard.edu/ids/iiif/15428578', 'baseimageurl': 'https://nrs.harvard.edu/urn-3:HUAM:DDC109561_dynmc', 'width': 1024, 'publiccaption': 'Side B - folio 17 of 38', 'idsid': 15428578, 'displayorder': 58, 'format': 'image/jpeg', 'copyright': 'President and Fellows of Harvard College', 'imageid': 367980, 'renditionnumber': 'DDC109561'}, {'height': 1024, 'iiifbaseuri': 'https://ids.lib.harvard.edu/ids/iiif/15428577', 'baseimageurl': 'https://nrs.harvard.edu/urn-3:HUAM:DDC109560_dynmc', 'width': 767, 'publiccaption': 'Side B - folio 18 of 38', 'idsid': 15428577, 'displayorder': 59, 'format': 'image/jpeg', 'copyright': 'President and Fellows of Harvard College', 'imageid': 367979, 'renditionnumber': 'DDC109560'}, {'height': 1024, 'iiifbaseuri': 'https://ids.lib.harvard.edu/ids/iiif/15428576', 'baseimageurl': 'https://nrs.harvard.edu/urn-3:HUAM:DDC109559_dynmc', 'width': 593, 'publiccaption': 'Side B - folio 19 of 38', 'idsid': 15428576, 'displayorder': 60, 'format': 'image/jpeg', 'copyright': 'President and Fellows of Harvard College', 'imageid': 367978, 'renditionnumber': 'DDC109559'}, {'height': 1024, 'iiifbaseuri': 'https://ids.lib.harvard.edu/ids/iiif/15428575', 'baseimageurl': 'https://nrs.harvard.edu/urn-3:HUAM:DDC109558_dynmc', 'width': 595, 'publiccaption': 'Side B - folio 20 of 38', 'idsid': 15428575, 'displayorder': 61, 'format': 'image/jpeg', 'copyright': 'President and Fellows of Harvard College', 'imageid': 367977, 'renditionnumber': 'DDC109558'}, {'height': 1024, 'iiifbaseuri': 'https://ids.lib.harvard.edu/ids/iiif/15428574', 'baseimageurl': 'https://nrs.harvard.edu/urn-3:HUAM:DDC109557_dynmc', 'width': 589, 'publiccaption': 'Side B - folio 21 of 38', 'idsid': 15428574, 'displayorder': 62, 'format': 'image/jpeg', 'copyright': 'President and Fellows of Harvard College', 'imageid': 367976, 'renditionnumber': 'DDC109557'}, {'height': 1024, 'iiifbaseuri': 'https://ids.lib.harvard.edu/ids/iiif/15428573', 'baseimageurl': 'https://nrs.harvard.edu/urn-3:HUAM:DDC109556_dynmc', 'width': 599, 'publiccaption': 'Side B - folio 22 of 38', 'idsid': 15428573, 'displayorder': 63, 'format': 'image/jpeg', 'copyright': 'President and Fellows of Harvard College', 'imageid': 367975, 'renditionnumber': 'DDC109556'}, {'height': 1024, 'iiifbaseuri': 'https://ids.lib.harvard.edu/ids/iiif/15428572', 'baseimageurl': 'https://nrs.harvard.edu/urn-3:HUAM:DDC109555_dynmc', 'width': 597, 'publiccaption': 'Side B - folio 23 of 38', 'idsid': 15428572, 'displayorder': 64, 'format': 'image/jpeg', 'copyright': 'President and Fellows of Harvard College', 'imageid': 367974, 'renditionnumber': 'DDC109555'}, {'height': 1024, 'iiifbaseuri': 'https://ids.lib.harvard.edu/ids/iiif/15428571', 'baseimageurl': 'https://nrs.harvard.edu/urn-3:HUAM:DDC109554_dynmc', 'width': 596, 'publiccaption': 'Side B - folio 24 of 38', 'idsid': 15428571, 'displayorder': 65, 'format': 'image/jpeg', 'copyright': 'President and Fellows of Harvard College', 'imageid': 367973, 'renditionnumber': 'DDC109554'}, {'height': 1024, 'iiifbaseuri': 'https://ids.lib.harvard.edu/ids/iiif/15428570', 'baseimageurl': 'https://nrs.harvard.edu/urn-3:HUAM:DDC109553_dynmc', 'width': 591, 'publiccaption': 'Side B - folio 25 of 38', 'idsid': 15428570, 'displayorder': 66, 'format': 'image/jpeg', 'copyright': 'President and Fellows of Harvard College', 'imageid': 367972, 'renditionnumber': 'DDC109553'}, {'height': 1024, 'iiifbaseuri': 'https://ids.lib.harvard.edu/ids/iiif/15428569', 'baseimageurl': 'https://nrs.harvard.edu/urn-3:HUAM:DDC109552_dynmc', 'width': 586, 'publiccaption': 'Side B - folio 26 of 38', 'idsid': 15428569, 'displayorder': 67, 'format': 'image/jpeg', 'copyright': 'President and Fellows of Harvard College', 'imageid': 367971, 'renditionnumber': 'DDC109552'}, {'height': 1024, 'iiifbaseuri': 'https://ids.lib.harvard.edu/ids/iiif/15428568', 'baseimageurl': 'https://nrs.harvard.edu/urn-3:HUAM:DDC109551_dynmc', 'width': 603, 'publiccaption': 'Side B - folio 27 of 38', 'idsid': 15428568, 'displayorder': 68, 'format': 'image/jpeg', 'copyright': 'President and Fellows of Harvard College', 'imageid': 367970, 'renditionnumber': 'DDC109551'}, {'height': 1024, 'iiifbaseuri': 'https://ids.lib.harvard.edu/ids/iiif/15428567', 'baseimageurl': 'https://nrs.harvard.edu/urn-3:HUAM:DDC109550_dynmc', 'width': 596, 'publiccaption': 'Side B - folio 28 of 38', 'idsid': 15428567, 'displayorder': 69, 'format': 'image/jpeg', 'copyright': 'President and Fellows of Harvard College', 'imageid': 367969, 'renditionnumber': 'DDC109550'}, {'height': 1024, 'iiifbaseuri': 'https://ids.lib.harvard.edu/ids/iiif/15428566', 'baseimageurl': 'https://nrs.harvard.edu/urn-3:HUAM:DDC109549_dynmc', 'width': 601, 'publiccaption': 'Side B - folio 29 of 38', 'idsid': 15428566, 'displayorder': 70, 'format': 'image/jpeg', 'copyright': 'President and Fellows of Harvard College', 'imageid': 367968, 'renditionnumber': 'DDC109549'}, {'height': 1024, 'iiifbaseuri': 'https://ids.lib.harvard.edu/ids/iiif/15428565', 'baseimageurl': 'https://nrs.harvard.edu/urn-3:HUAM:DDC109548_dynmc', 'width': 592, 'publiccaption': 'Side B - folio 30 of 38', 'idsid': 15428565, 'displayorder': 71, 'format': 'image/jpeg', 'copyright': 'President and Fellows of Harvard College', 'imageid': 367967, 'renditionnumber': 'DDC109548'}, {'height': 1024, 'iiifbaseuri': 'https://ids.lib.harvard.edu/ids/iiif/15428564', 'baseimageurl': 'https://nrs.harvard.edu/urn-3:HUAM:DDC109547_dynmc', 'width': 592, 'publiccaption': 'Side B - folio 31 of 38', 'idsid': 15428564, 'displayorder': 72, 'format': 'image/jpeg', 'copyright': 'President and Fellows of Harvard College', 'imageid': 367966, 'renditionnumber': 'DDC109547'}, {'height': 1024, 'iiifbaseuri': 'https://ids.lib.harvard.edu/ids/iiif/15428563', 'baseimageurl': 'https://nrs.harvard.edu/urn-3:HUAM:DDC109546_dynmc', 'width': 611, 'publiccaption': 'Side B - folio 32 of 38', 'idsid': 15428563, 'displayorder': 73, 'format': 'image/jpeg', 'copyright': 'President and Fellows of Harvard College', 'imageid': 367965, 'renditionnumber': 'DDC109546'}, {'height': 1024, 'iiifbaseuri': 'https://ids.lib.harvard.edu/ids/iiif/15428562', 'baseimageurl': 'https://nrs.harvard.edu/urn-3:HUAM:DDC109545_dynmc', 'width': 612, 'publiccaption': 'Side B - folio 33 of 38', 'idsid': 15428562, 'displayorder': 74, 'format': 'image/jpeg', 'copyright': 'President and Fellows of Harvard College', 'imageid': 367964, 'renditionnumber': 'DDC109545'}, {'height': 1024, 'iiifbaseuri': 'https://ids.lib.harvard.edu/ids/iiif/15428561', 'baseimageurl': 'https://nrs.harvard.edu/urn-3:HUAM:DDC109544_dynmc', 'width': 610, 'publiccaption': 'Side B - folio 34 of 38', 'idsid': 15428561, 'displayorder': 75, 'format': 'image/jpeg', 'copyright': 'President and Fellows of Harvard College', 'imageid': 367963, 'renditionnumber': 'DDC109544'}, {'height': 1024, 'iiifbaseuri': 'https://ids.lib.harvard.edu/ids/iiif/15428560', 'baseimageurl': 'https://nrs.harvard.edu/urn-3:HUAM:DDC109543_dynmc', 'width': 613, 'publiccaption': 'Side B - folio 35 of 38', 'idsid': 15428560, 'displayorder': 76, 'format': 'image/jpeg', 'copyright': 'President and Fellows of Harvard College', 'imageid': 367962, 'renditionnumber': 'DDC109543'}, {'height': 1024, 'iiifbaseuri': 'https://ids.lib.harvard.edu/ids/iiif/15428559', 'baseimageurl': 'https://nrs.harvard.edu/urn-3:HUAM:DDC109542_dynmc', 'width': 608, 'publiccaption': 'Side B - folio 36 of 38', 'idsid': 15428559, 'displayorder': 77, 'format': 'image/jpeg', 'copyright': 'President and Fellows of Harvard College', 'imageid': 367961, 'renditionnumber': 'DDC109542'}, {'height': 1024, 'iiifbaseuri': 'https://ids.lib.harvard.edu/ids/iiif/15428558', 'baseimageurl': 'https://nrs.harvard.edu/urn-3:HUAM:DDC109541_dynmc', 'width': 607, 'publiccaption': 'Side B - folio 37 of 38', 'idsid': 15428558, 'displayorder': 78, 'format': 'image/jpeg', 'copyright': 'President and Fellows of Harvard College', 'imageid': 367960, 'renditionnumber': 'DDC109541'}, {'height': 1024, 'iiifbaseuri': 'https://ids.lib.harvard.edu/ids/iiif/15428556', 'baseimageurl': 'https://nrs.harvard.edu/urn-3:HUAM:DDC109539_dynmc', 'width': 615, 'publiccaption': 'Side B - blank opening', 'idsid': 15428556, 'displayorder': 79, 'format': 'image/jpeg', 'copyright': 'President and Fellows of Harvard College', 'imageid': 367958, 'renditionnumber': 'DDC109539'}, {'height': 2550, 'iiifbaseuri': 'https://ids.lib.harvard.edu/ids/iiif/407245943', 'baseimageurl': 'https://nrs.harvard.edu/urn-3:HUAM:VRS244609', 'width': 971, 'publiccaption': 'Side A - folios 24-28', 'idsid': 407245943, 'displayorder': 80, 'format': 'image/jpeg', 'copyright': 'President and Fellows of Harvard College', 'imageid': 25916, 'renditionnumber': '81696'}, {'height': 2271, 'iiifbaseuri': 'https://ids.lib.harvard.edu/ids/iiif/407245947', 'baseimageurl': 'https://nrs.harvard.edu/urn-3:HUAM:VRS244610', 'width': 2550, 'publiccaption': 'Side B - folios 44-45', 'idsid': 407245947, 'displayorder': 81, 'format': 'image/jpeg', 'copyright': 'President and Fellows of Harvard College', 'imageid': 37877, 'renditionnumber': '81698'}]",,2020-01-28T05:40:45-0500,0,0,"Two-sided accordion-fold manuscript; ink, color and gold on 'khoi' paper, with lacquered cover",201576,1984.517,,0,,,https://nrs.harvard.edu/urn-3:HUAM:DDC109540_dynmc,"Peng Seng, Bangkok 1966",2,8,0,"[{'id': 'https://iiif.harvardartmuseums.org/manifests/object/201576', 'type': 'IIIF Manifest', 'format': 'application/json', 'profile': 'http://iiif.io/api/presentation/2/context.json'}]",,,,,,,Illustrated Text on Cosmology (Traiphum) with Captions written in Thai Language and Script,1,1016,868,https://www.harvardartmuseums.org/collections/object/201576,2,Adequate. Object is adequately described but information may not be vetted,"[{'worktypeid': '208', 'worktype': 'manuscript'}]"
8,Gift,2007,1,20th century,Prints,23,9,"[{'percent': 0.79893333333333, 'spectrum': '#e9715f', 'color': '#af7d4b', 'css3': '#cd853f', 'hue': 'Yellow'}, {'percent': 0.13553333333333, 'spectrum': '#dd5872', 'color': '#af1900', 'css3': '#b22222', 'hue': 'Red'}, {'percent': 0.021066666666667, 'spectrum': '#4072b8', 'color': '#324b96', 'css3': '#483d8b', 'hue': 'Blue'}, {'percent': 0.014266666666667, 'spectrum': '#5e6db3', 'color': '#4b4b7d', 'css3': '#483d8b', 'hue': 'Violet'}, {'percent': 0.0138, 'spectrum': '#e86e61', 'color': '#af4b19', 'css3': '#a0522d', 'hue': 'Red'}, {'percent': 0.0069333333333333, 'spectrum': '#e9715f', 'color': '#af6432', 'css3': '#a0522d', 'hue': 'Orange'}, {'percent': 0.0047333333333333, 'spectrum': '#7069af', 'color': '#64647d', 'css3': '#696969', 'hue': 'Blue'}, {'percent': 0.0029333333333333, 'spectrum': '#b25593', 'color': '#7d324b', 'css3': '#a52a2a', 'hue': 'Red'}, {'percent': 0.0018, 'spectrum': '#d0577c', 'color': '#963232', 'css3': '#a52a2a', 'hue': 'Red'}]",,am_moderncontemporary@harvard.edu,0,,"Harvard Art Museums/Fogg Museum, Gift of Vivian and Lionel Spiro",American,1969,1969,1969,2009-05-25,2020-01-15,Department of Prints,,,sheet: 76.1 x 50.7 cm (29 15/16 x 19 15/16 in.),Modern and Contemporary Art,,0,2,318040,2,0,"[{'height': 2550, 'iiifbaseuri': 'https://ids.lib.harvard.edu/ids/iiif/20380053', 'baseimageurl': 'https://nrs.harvard.edu/urn-3:HUAM:DDC104099_dynmc', 'width': 1699, 'publiccaption': None, 'idsid': 20380053, 'displayorder': 1, 'format': 'image/jpeg', 'copyright': 'President and Fellows of Harvard College', 'imageid': 268978, 'renditionnumber': 'DDC104099'}, {'height': 2550, 'iiifbaseuri': 'https://ids.lib.harvard.edu/ids/iiif/20305700', 'baseimageurl': 'https://nrs.harvard.edu/urn-3:HUAM:INV141031_dynmc', 'width': 1725, 'publiccaption': None, 'idsid': 20305700, 'displayorder': 2, 'format': 'image/jpeg', 'copyright': 'President and Fellows of Harvard College', 'imageid': 234532, 'renditionnumber': 'INV141031'}]",,2020-01-28T05:44:35-0500,0,0,,318040,2007.8,"[{'alphasort': 'Strike Poster Workshop', 'birthplace': None, 'name': 'Strike Poster Workshop', 'prefix': None, 'personid': 50996, 'gender': 'unknown', 'role': 'Artist', 'displayorder': 1, 'culture': None, 'displaydate': None, 'deathplace': None, 'displayname': 'Strike Poster Workshop'}]",1,,,https://nrs.harvard.edu/urn-3:HUAM:DDC104099_dynmc,,0,9,0,"[{'id': 'https://iiif.harvardartmuseums.org/manifests/object/318040', 'type': 'IIIF Manifest', 'format': 'application/json', 'profile': 'http://iiif.io/api/presentation/2/context.json'}]",,,,,Screen print,306.0,Strike with Fist,1,1044,756,https://www.harvardartmuseums.org/collections/object/318040,3,Good. Object is well described and information is vetted,"[{'worktypeid': '278', 'worktype': 'print'}]"
9,Purchase,2006,1,19th century,Prints,23,9,"[{'percent': 0.66526984126984, 'spectrum': '#8c5fa8', 'color': '#c8c8c8', 'css3': '#c0c0c0', 'hue': 'Grey'}, {'percent': 0.1295873015873, 'spectrum': '#b0d136', 'color': '#c8c864', 'css3': '#bdb76b', 'hue': 'Green'}, {'percent': 0.11333333333333, 'spectrum': '#8e5ea7', 'color': '#afaf96', 'css3': '#a9a9a9', 'hue': 'Green'}, {'percent': 0.06247619047619, 'spectrum': '#536fb5', 'color': '#4b647d', 'css3': '#696969', 'hue': 'Blue'}, {'percent': 0.008, 'spectrum': '#7069af', 'color': '#7d9696', 'css3': '#778899', 'hue': 'Green'}, {'percent': 0.0073015873015873, 'spectrum': '#6cbd45', 'color': '#7d7d64', 'css3': '#808080', 'hue': 'Yellow'}, {'percent': 0.0068571428571429, 'spectrum': '#8e5ea7', 'color': '#96967d', 'css3': '#808080', 'hue': 'Green'}, {'percent': 0.0038095238095238, 'spectrum': '#3db657', 'color': '#4b4b4b', 'css3': '#2f4f4f', 'hue': 'Grey'}, {'percent': 0.0033650793650794, 'spectrum': '#59ba4a', 'color': '#64644b', 'css3': '#696969', 'hue': 'Green'}]",,am_europeanamerican@harvard.edu,0,,"Harvard Art Museums/Fogg Museum, Gift of Dr. Ernest G. Stillman, Class of 1907, by exchange",American,1890,1890-1891,1891,2009-06-13,2020-01-15,Department of Prints,,,"plate: 31.9 x 24.9 cm (12 9/16 x 9 13/16 in.)
sheet: 43.5 x 30.4 cm (17 1/8 x 11 15/16 in.)",European and American Art,25,2,2,6108,3,0,"[{'height': 2550, 'iiifbaseuri': 'https://ids.lib.harvard.edu/ids/iiif/46576403', 'baseimageurl': 'https://nrs.harvard.edu/urn-3:HUAM:DDC250728_dynmc', 'width': 1786, 'publiccaption': None, 'idsid': 46576403, 'displayorder': 1, 'format': 'image/jpeg', 'copyright': 'President and Fellows of Harvard College', 'imageid': 427397, 'renditionnumber': 'DDC250728'}, {'height': 2550, 'iiifbaseuri': 'https://ids.lib.harvard.edu/ids/iiif/18737571', 'baseimageurl': 'https://nrs.harvard.edu/urn-3:HUAM:DDC100021_dynmc', 'width': 1793, 'publiccaption': None, 'idsid': 18737571, 'displayorder': 2, 'format': 'image/jpeg', 'copyright': 'President and Fellows of Harvard College', 'imageid': 187383, 'renditionnumber': 'DDC100021'}, {'height': 1024, 'iiifbaseuri': 'https://ids.lib.harvard.edu/ids/iiif/20223285', 'baseimageurl': 'https://nrs.harvard.edu/urn-3:HUAM:INV100983_dynmc', 'width': 720, 'publiccaption': None, 'idsid': 20223285, 'displayorder': 3, 'format': 'image/jpeg', 'copyright': 'President and Fellows of Harvard College', 'imageid': 186495, 'renditionnumber': 'INV100983'}]",,2020-01-28T05:36:18-0500,3,0,,6108,2006.24.1,"[{'alphasort': 'Cassatt, Mary', 'birthplace': 'Allegheny City, PA', 'name': 'Mary Cassatt', 'prefix': None, 'personid': 31481, 'gender': 'female', 'role': 'Artist', 'displayorder': 1, 'culture': 'American', 'displaydate': '1844 - 1926', 'deathplace': 'Le Mesnil-Theribus, France', 'displayname': 'Mary Cassatt'}, {'alphasort': 'Leroy, Modeste', 'birthplace': None, 'name': 'Modeste Leroy', 'prefix': None, 'personid': 26485, 'gender': 'male', 'role': 'Printer', 'displayorder': 2, 'culture': 'French', 'displaydate': None, 'deathplace': None, 'displayname': 'Modeste Leroy'}]",2,,,https://nrs.harvard.edu/urn-3:HUAM:DDC250728_dynmc,"The artist; to Ambrose Vollard, Paris, 1926, bequest; to his heirs, 1939, sold; to Henri M. Petiet, Paris (Lugt 2021a), 1940, bequest; to his estate, 1980, sold; to Marc Rosen, New York, sold; to Harvard Art Museums, 2006
",2,10,0,"[{'id': 'https://iiif.harvardartmuseums.org/manifests/object/6108', 'type': 'IIIF Manifest', 'format': 'application/json', 'profile': 'http://iiif.io/api/presentation/2/context.json'}]",,B. 143; Mathews/Shapiro 5,xvii/xvii (final),,"Drypoint, softground etching and aquatint",4124.0,The Bath,1,1105,834,https://www.harvardartmuseums.org/collections/object/6108,3,Good. Object is well described and information is vetted,"[{'worktypeid': '278', 'worktype': 'print'}]"
